platform,content_type,language,genre,total_titles,total_runtime_mins
Jotstar,Sports,Hindi,"Live Matches",126,16260
Jotstar,Movie,English,Action,95,11700
Jotstar,Series,English,Action,86,2755
Jotstar,Movie,English,Thriller,71,8835
Jotstar,Sports,English,"Live Matches",71,9810
Jotstar,Series,English,Thriller,67,2100
Jotstar,Movie,Hindi,Drama,62,8025
Jotstar,Movie,Hindi,Comedy,59,7095
Jotstar,Movie,English,Adventure,53,6435
Jotstar,Movie,English,Fantasy,53,6180
Jotstar,Series,English,Adventure,50,1700
Jotstar,Series,English,Fantasy,50,1695
Jotstar,Movie,Hindi,Action,44,5550
Jotstar,Movie,Hindi,Romance,44,5580
Jotstar,Series,Hindi,Drama,36,1100
Jotstar,Movie,Telugu,Action,36,4560
Jotstar,Movie,English,Drama,35,4230
Jotstar,Movie,English,Sci-Fi,35,4320
Jotstar,Series,Hindi,Comedy,33,1130
Jotstar,Series,English,Drama,33,1095
Jotstar,Series,English,Sci-Fi,33,1085
Jotstar,Movie,Tamil,Action,33,3930
Jotstar,Sports,Hindi,Highlights,29,455
Jotstar,Movie,Hindi,Fantasy,29,3675
Jotstar,Movie,Hindi,Thriller,29,3765
Jotstar,Movie,Telugu,Drama,28,3420
Jotstar,Sports,English,Highlights,28,425
Jotstar,Movie,Tamil,Drama,25,2985
Jotstar,Series,Hindi,Romance,24,810
Jotstar,Series,Hindi,Action,24,750
Jotstar,Sports,Hindi,Documentaries,22,1440
Jotstar,Series,Telugu,Action,22,690
Jotstar,Movie,Tamil,Thriller,21,2520
Jotstar,Movie,Tamil,Romance,21,2655
Jotstar,Movie,Tamil,Comedy,21,2685
Jotstar,Series,Tamil,Action,21,700
Jotstar,Movie,Telugu,Romance,21,2745
Jotstar,Movie,Kannada,Drama,20,2640
Jotstar,Movie,Malayalam,Drama,19,2370
Jotstar,Movie,Marathi,Drama,17,2370
Jotstar,Sports,Tamil,"Live Matches",17,2280
Jotstar,Sports,Telugu,"Live Matches",16,2820
Jotstar,Series,Hindi,Fantasy,16,565
Jotstar,Series,Hindi,Thriller,16,475
Jotstar,Series,Telugu,Drama,16,520
Jotstar,Movie,Hindi,Sci-Fi,14,1890
Jotstar,Series,Tamil,Drama,14,425
Jotstar,Movie,Kannada,Comedy,14,1650
Jotstar,Movie,Malayalam,Thriller,14,1665
Jotstar,Movie,Telugu,Thriller,14,1725
Jotstar,Movie,Telugu,Comedy,14,1785
Jotstar,Movie,Telugu,Fantasy,14,1890
Jotstar,Movie,Hindi,Adventure,14,1740
Jotstar,Series,Telugu,Romance,12,400
Jotstar,Series,Tamil,Thriller,12,370
Jotstar,Series,Tamil,Romance,12,415
Jotstar,Series,Tamil,Comedy,12,410
Jotstar,Movie,Tamil,Fantasy,11,1245
Jotstar,Movie,Bengali,Drama,11,1425
Jotstar,Series,Malayalam,Drama,11,380
Jotstar,Series,Kannada,Drama,11,355
Jotstar,Series,Marathi,Drama,10,320
Jotstar,Series,English,Romance,10,330
Jotstar,Series,Bengali,Drama,10,330
Jotstar,Movie,English,Romance,10,1245
Jotstar,Movie,Kannada,Action,10,1185
Jotstar,Movie,Malayalam,Comedy,10,1260
Jotstar,Movie,Kannada,Romance,10,1185
Jotstar,Series,Gujarati,Drama,9,295
Jotstar,Sports,Kannada,"Live Matches",9,1140
Jotstar,Movie,Marathi,Comedy,9,1155
Jotstar,Series,Hindi,Sci-Fi,8,265
Jotstar,Series,Telugu,Fantasy,8,210
Jotstar,Series,Kannada,Comedy,8,245
Jotstar,Series,Telugu,Comedy,8,270
Jotstar,Series,Telugu,Thriller,8,265
Jotstar,Series,Malayalam,Thriller,8,245
Jotstar,Series,Hindi,Adventure,8,260
Jotstar,Movie,Bengali,Romance,7,810
Jotstar,Movie,Bengali,Thriller,7,930
Jotstar,Movie,Kannada,Thriller,7,825
Jotstar,Movie,Malayalam,Action,7,870
Jotstar,Movie,Telugu,Sci-Fi,7,870
Jotstar,Movie,Marathi,Family,7,990
Jotstar,Movie,Gujarati,Drama,7,810
Jotstar,Movie,Malayalam,Romance,7,840
Jotstar,Movie,Telugu,Adventure,7,960
Jotstar,Sports,English,Documentaries,7,420
Jotstar,Sports,Tamil,Highlights,7,135
Jotstar,Movie,Malayalam,Fantasy,7,795
Jotstar,Movie,English,Comedy,7,885
Jotstar,Series,Punjabi,Drama,7,220
Jotstar,Movie,Tamil,Sci-Fi,7,945
Jotstar,Movie,Punjabi,Drama,6,750
Jotstar,Series,English,Comedy,6,210
Jotstar,Series,Tamil,Fantasy,6,215
Jotstar,Series,Kannada,Action,6,185
Jotstar,Sports,Malayalam,"Live Matches",6,1110
Jotstar,Series,Malayalam,Comedy,6,170
Jotstar,Series,Kannada,Romance,6,210
Jotstar,Series,Marathi,Comedy,4,110
Jotstar,Movie,Marathi,Thriller,4,450
Jotstar,Series,Tamil,Sci-Fi,4,110
Jotstar,Series,Punjabi,Comedy,4,165
Jotstar,Series,Gujarati,Comedy,4,100
Jotstar,Series,Kannada,Thriller,4,115
Jotstar,Series,Malayalam,Action,4,115
Jotstar,Series,Telugu,Adventure,4,135
Jotstar,Movie,Marathi,Romance,4,570
Jotstar,Sports,Tamil,Documentaries,4,240
Jotstar,Series,Malayalam,Fantasy,4,130
Jotstar,Series,Malayalam,Romance,4,110
Jotstar,Series,Bengali,Romance,4,140
Jotstar,Series,Bengali,Thriller,4,115
Jotstar,Series,Telugu,Sci-Fi,4,135
Jotstar,Movie,Bengali,Comedy,3,375
Jotstar,Movie,Bengali,Fantasy,3,405
Jotstar,Movie,Bengali,Action,3,345
Jotstar,Sports,Marathi,"Live Matches",3,600
Jotstar,Sports,Telugu,Highlights,3,65
Jotstar,Series,Marathi,Family,3,80
Jotstar,Movie,Kannada,Adventure,3,390
Jotstar,Movie,Kannada,Fantasy,3,315
Jotstar,Movie,Kannada,Sci-Fi,3,435
Jotstar,Movie,Malayalam,Adventure,3,450
Jotstar,Movie,Malayalam,Sci-Fi,3,345
Jotstar,Series,Punjabi,Romance,2,75
Jotstar,Sports,Telugu,Documentaries,2,180
Jotstar,Movie,Gujarati,Comedy,2,210
Jotstar,Series,Punjabi,Action,2,65
Jotstar,Movie,Marathi,Adventure,2,240
Jotstar,Movie,Marathi,Fantasy,2,255
Jotstar,Movie,Marathi,Sci-Fi,2,300
Jotstar,Series,Marathi,Romance,2,60
Jotstar,Series,Kannada,Adventure,2,60
Jotstar,Movie,Punjabi,Comedy,2,255
Jotstar,Series,Marathi,Thriller,2,75
Jotstar,Movie,Tamil,Adventure,2,255
Jotstar,Series,Bengali,Action,2,90
Jotstar,Series,Bengali,Comedy,2,75
Jotstar,Series,Malayalam,Sci-Fi,2,75
Jotstar,Series,Malayalam,Adventure,2,90
Jotstar,Series,Kannada,Sci-Fi,2,75
Jotstar,Series,Kannada,Fantasy,2,65
Jotstar,Series,Gujarati,Romance,2,50
Jotstar,Series,Bengali,Fantasy,2,60
Jotstar,Sports,Malayalam,Highlights,1,15
Jotstar,Sports,Kannada,Highlights,1,10
Jotstar,Movie,Bengali,Sci-Fi,1,135
Jotstar,Series,Tamil,Adventure,1,30
Jotstar,Sports,Bengali,Highlights,1,10
Jotstar,Series,Marathi,Sci-Fi,1,45
Jotstar,Sports,Gujarati,"Live Matches",1,180
Jotstar,Series,Marathi,Adventure,1,20
Jotstar,Movie,Gujarati,Action,1,90
Jotstar,Movie,Gujarati,Romance,1,120
Jotstar,Movie,Punjabi,Action,1,120
Jotstar,Movie,Punjabi,Adventure,1,120
Jotstar,Series,Marathi,Fantasy,1,45
Jotstar,Movie,Punjabi,Romance,1,135
Jotstar,Series,Gujarati,Action,1,20
Jotstar,Series,Punjabi,Adventure,1,30
LioCinema,Movie,Hindi,Drama,80,9990
LioCinema,Movie,Hindi,Comedy,56,7005
LioCinema,Movie,Telugu,Drama,55,6945
LioCinema,Movie,Tamil,Drama,46,5550
LioCinema,Movie,Hindi,Romance,42,5460
LioCinema,Movie,Tamil,Action,37,4530
LioCinema,Movie,Telugu,Action,37,4800
LioCinema,Series,Hindi,Drama,37,1185
LioCinema,Movie,Malayalam,Drama,34,4185
LioCinema,Movie,Hindi,Action,33,4230
LioCinema,Movie,Telugu,Comedy,30,3690
LioCinema,Movie,Tamil,Comedy,30,3930
LioCinema,Movie,Hindi,Thriller,28,3480
LioCinema,Movie,Kannada,Drama,27,3390
LioCinema,Movie,Marathi,Drama,24,2985
LioCinema,Movie,Telugu,Romance,24,3165
LioCinema,Series,Hindi,Comedy,23,790
LioCinema,Movie,Tamil,Romance,20,2685
LioCinema,Movie,Hindi,Family,19,2400
LioCinema,Sports,Hindi,"Live Matches",18,2280
LioCinema,Movie,Malayalam,Thriller,18,2340
LioCinema,Movie,Telugu,Thriller,18,2175
LioCinema,Movie,Tamil,Thriller,17,2130
LioCinema,Series,Hindi,Romance,17,555
LioCinema,Movie,English,Drama,16,2085
LioCinema,Movie,Kannada,Comedy,16,1890
LioCinema,Series,Telugu,Drama,15,425
LioCinema,Series,Kannada,Drama,15,420
LioCinema,Movie,Hindi,Crime,14,1770
LioCinema,Series,Hindi,Action,14,395
LioCinema,Series,Tamil,Drama,13,450
LioCinema,Series,Malayalam,Drama,13,470
LioCinema,Movie,Telugu,Family,13,1695
LioCinema,Movie,Malayalam,Comedy,13,1725
LioCinema,Movie,Kannada,Action,12,1530
LioCinema,Series,Hindi,Thriller,11,350
LioCinema,Series,Marathi,Drama,11,320
LioCinema,Movie,Tamil,Family,10,1245
LioCinema,Movie,Marathi,Comedy,10,1260
LioCinema,Movie,Kannada,Romance,9,1230
LioCinema,Movie,Malayalam,Romance,9,1185
LioCinema,Series,English,Drama,9,290
LioCinema,Series,Tamil,Action,9,350
LioCinema,Series,Telugu,Action,9,265
LioCinema,Movie,English,Romance,8,945
LioCinema,Movie,Hindi,Horror,8,1125
LioCinema,Series,Hindi,Family,8,260
LioCinema,Movie,Marathi,Family,7,960
LioCinema,Movie,Malayalam,Action,7,795
LioCinema,Movie,Telugu,Crime,7,975
LioCinema,Series,Tamil,Comedy,7,235
LioCinema,Series,Telugu,Comedy,7,215
LioCinema,Sports,Tamil,"Live Matches",6,870
LioCinema,Sports,Hindi,Highlights,6,120
LioCinema,Sports,Telugu,"Live Matches",6,690
LioCinema,Movie,English,Thriller,6,825
LioCinema,Movie,Kannada,Thriller,6,765
LioCinema,Movie,Tamil,Horror,6,765
LioCinema,Series,Kannada,Comedy,6,240
LioCinema,Series,Hindi,Crime,5,180
LioCinema,Movie,Malayalam,Family,5,735
LioCinema,Movie,Tamil,Crime,5,675
LioCinema,Series,Malayalam,Thriller,5,160
LioCinema,Series,Tamil,Romance,5,170
LioCinema,Movie,Telugu,Horror,5,630
LioCinema,Series,Telugu,Romance,5,185
LioCinema,Series,Malayalam,Comedy,4,125
LioCinema,Movie,Kannada,Horror,4,450
LioCinema,Movie,Kannada,Family,4,555
LioCinema,Movie,English,Comedy,4,525
LioCinema,Series,Telugu,Thriller,4,140
LioCinema,Movie,Marathi,Romance,4,510
LioCinema,Series,Tamil,Thriller,4,110
LioCinema,Series,Kannada,Action,4,150
LioCinema,Movie,Malayalam,Horror,3,330
LioCinema,Series,Hindi,Horror,3,120
LioCinema,Movie,Marathi,Thriller,3,450
LioCinema,Series,Marathi,Comedy,3,95
LioCinema,Movie,Kannada,Crime,3,345
LioCinema,Movie,English,Family,3,360
LioCinema,Series,Kannada,Romance,3,120
LioCinema,Series,English,Romance,3,70
LioCinema,Series,Telugu,Family,3,105
LioCinema,Series,Marathi,Family,2,50
LioCinema,Sports,Hindi,Documentaries,2,120
LioCinema,Series,Tamil,Family,2,60
LioCinema,Series,Malayalam,Action,2,60
LioCinema,Movie,English,Action,2,255
LioCinema,Sports,Kannada,Highlights,2,30
LioCinema,Series,English,Thriller,2,50
LioCinema,Sports,Malayalam,"Live Matches",2,420
LioCinema,Series,Malayalam,Romance,2,65
LioCinema,Series,Kannada,Thriller,2,75
LioCinema,Series,Kannada,Horror,1,30
LioCinema,Sports,Marathi,Highlights,1,20
LioCinema,Sports,Tamil,Documentaries,1,30
LioCinema,Sports,Tamil,Highlights,1,5
LioCinema,Movie,Marathi,Action,1,150
LioCinema,Sports,Telugu,Documentaries,1,60
LioCinema,Sports,Telugu,Highlights,1,20
LioCinema,Series,Kannada,Crime,1,45
LioCinema,Series,English,Comedy,1,20
LioCinema,Series,Marathi,Romance,1,30
LioCinema,Series,Tamil,Crime,1,45
LioCinema,Sports,Malayalam,Highlights,1,10
LioCinema,Series,Marathi,Thriller,1,30
LioCinema,Series,Tamil,Horror,1,30
LioCinema,Movie,Malayalam,Crime,1,150
LioCinema,Movie,English,Horror,1,120
LioCinema,Series,Malayalam,Family,1,45
LioCinema,Sports,Kannada,Documentaries,1,90
LioCinema,Series,Telugu,Crime,1,20
LioCinema,Series,Kannada,Family,1,45
LioCinema,Sports,Kannada,"Live Matches",1,90
LioCinema,Series,Telugu,Horror,1,30
LioCinema,Series,English,Family,1,30
LioCinema,Series,Malayalam,Horror,1,45
